{
    "loss": 3.6381309032440186,
    "accuracy": 0.1230769231915474
}